0.088400,0.000440835952759;
0.088400,0.0022439956665;
0.088400,0.00399994850159;
0.066300,0.00611901283264;
0.044200,0.00830984115601;
0.088400,0.0104219913483;
0.110500,0.0125749111176;
0.066300,0.0148990154266;
0.044200,0.0172090530396;
0.088400,0.0197169780731;
0.066300,0.0220739841461;
0.022100,0.0241620540619;
0.044200,0.0262169837952;
0.022100,0.0283160209656;
0.066300,0.0304069519043;
0.022100,0.0324020385742;
0.044200,0.0344059467316;
0.066300,0.036406993866;
0.022100,0.0384340286255;
0.044200,0.0404658317566;
0.110500,0.0425119400024;
0.066300,0.04456782341;
0.044200,0.046707868576;
0.000000,0.0491979122162;
0.088400,0.0517108440399;
0.066300,0.0541770458221;
0.000000,0.0564389228821;
0.044200,0.0586619377136;
0.044200,0.0608789920807;
0.066300,0.0631680488586;
0.000000,0.0653460025787;
0.022100,0.0674040317535;
0.066300,0.0693979263306;
0.066300,0.0714008808136;
0.066300,0.0734689235687;
0.088400,0.0755519866943;
-0.022100,0.0776789188385;
0.066300,0.0797498226166;
0.022100,0.0821838378906;
0.044200,0.0845530033112;
0.022100,0.0867669582367;
0.066300,0.088812828064;
0.000000,0.0907888412476;
0.066300,0.0928950309753;
0.110500,0.095006942749;
0.022100,0.097158908844;
0.066300,0.0992038249969;
0.066300,0.101342916489;
0.000000,0.104632854462;
0.000000,0.108512878418;
0.044200,0.110982894897;
0.066300,0.113379001617;
0.066300,0.117866039276;
-0.022100,0.121994972229;
0.022100,0.124758005142;
0.066300,0.128025054932;
0.000000,0.129938840866;
0.066300,0.131728887558;
0.088400,0.133551836014;
0.066300,0.135668039322;
0.022100,0.137771844864;
0.088400,0.139617919922;
0.022100,0.14141702652;
0.022100,0.143244028091;
0.022100,0.145051956177;
0.022100,0.146901845932;
0.088400,0.14873290062;
0.000000,0.150832891464;
0.022100,0.153190851212;
0.088400,0.155447006226;
0.044200,0.157479047775;
0.022100,0.159533023834;
-0.022100,0.161588907242;
0.022100,0.163588047028;
0.000000,0.165561914444;
0.066300,0.16761803627;
0.110500,0.169536828995;
0.022100,0.171418905258;
0.066300,0.173249959946;
0.066300,0.175145864487;
0.088400,0.176977872849;
0.066300,0.1788418293;
0.022100,0.180685043335;
0.022100,0.182955980301;
0.066300,0.185438871384;
0.044200,0.187875032425;
-0.022100,0.189826011658;
0.044200,0.191740036011;
0.066300,0.193681001663;
0.044200,0.195638895035;
0.044200,0.19763302803;
0.022100,0.199632883072;
0.022100,0.201575040817;
0.088400,0.203532934189;
0.066300,0.205513000488;
0.044200,0.2075278759;
0.044200,0.209487915039;
0.000000,0.211447000504;
0.066300,0.21338891983;
0.066300,0.215834856033;
0.022100,0.218639850616;
0.022100,0.220943927765;
0.088400,0.222945928574;
0.022100,0.225361824036;
0.000000,0.227876901627;
0.022100,0.229984998703;
0.022100,0.232172012329;
0.044200,0.234421014786;
0.110500,0.236596822739;
0.066300,0.23863697052;
0.022100,0.240649938583;
0.044200,0.242640018463;
-0.066300,0.244577884674;
0.044200,0.246987819672;
0.022100,0.249524831772;
0.022100,0.251883983612;
-0.044200,0.253717899323;
0.022100,0.25586104393;
0.088400,0.258152008057;
-0.044200,0.260210990906;
0.022100,0.262346029282;
0.022100,0.264418840408;
0.088400,0.266512870789;
0.088400,0.268652915955;
0.044200,0.270848035812;
0.066300,0.273000955582;
0.088400,0.274955034256;
0.000000,0.276957035065;
0.044200,0.279203891754;
0.044200,0.28133392334;
0.000000,0.283720016479;
0.044200,0.285734891891;
0.088400,0.2877368927;
0.044200,0.289713859558;
0.044200,0.291713953018;
0.066300,0.293905973434;
-0.022100,0.296165943146;
0.088400,0.298154830933;
0.066300,0.300153970718;
0.000000,0.302156925201;
0.066300,0.304157018661;
0.022100,0.306179046631;
0.022100,0.308157920837;
0.066300,0.31015586853;
0.000000,0.312413930893;
0.022100,0.315023899078;
0.088400,0.31730890274;
0.110500,0.319304943085;
0.000000,0.321398019791;
0.110500,0.323662996292;
0.044200,0.325923919678;
0.044200,0.328229904175;
0.044200,0.330468893051;
0.044200,0.332432985306;
0.176800,0.334393024445;
0.088400,0.336390018463;
0.044200,0.338389873505;
0.066300,0.340389966965;
0.044200,0.342391967773;
0.000000,0.344590902328;
0.066300,0.346994876862;
0.022100,0.349477052689;
0.088400,0.351619958878;
0.066300,0.353848934174;
0.066300,0.355862855911;
0.066300,0.357772827148;
0.044200,0.359714984894;
0.044200,0.36186504364;
0.000000,0.364023923874;
0.066300,0.366238832474;
0.044200,0.368335962296;
0.066300,0.370460033417;
0.088400,0.372434854507;
0.044200,0.374497890472;
0.066300,0.377023935318;
0.000000,0.3796479702;
0.066300,0.381875038147;
0.044200,0.384032011032;
0.022100,0.386232852936;
0.088400,0.388298034668;
0.022100,0.390254974365;
0.088400,0.392175912857;
-0.066300,0.394151926041;
0.022100,0.396258831024;
0.044200,0.398399829865;
0.022100,0.401021957397;
0.044200,0.403316020966;
0.088400,0.405390024185;
0.044200,0.407569885254;
0.022100,0.409849882126;
0.022100,0.411988019943;
0.066300,0.413931846619;
0.088400,0.416024923325;
0.044200,0.417987823486;
0.000000,0.419956922531;
0.088400,0.422013044357;
0.022100,0.424011945724;
0.066300,0.426014900208;
0.000000,0.428009986877;
0.088400,0.430006980896;
0.066300,0.432010889053;
0.066300,0.434001922607;
0.000000,0.4359998703;
-0.022100,0.437966823578;
0.066300,0.440366029739;
0.022100,0.442544937134;
0.000000,0.444563865662;
0.088400,0.446470975876;
0.066300,0.448374032974;
0.022100,0.450252056122;
0.088400,0.452178955078;
0.044200,0.454299926758;
0.044200,0.456363916397;
0.088400,0.458600997925;
0.044200,0.460875988007;
0.022100,0.463167905807;
0.022100,0.465312004089;
0.044200,0.467394828796;
0.022100,0.469455957413;
0.066300,0.471472978592;
0.066300,0.4738240242;
0.000000,0.476233959198;
0.066300,0.478473901749;
0.066300,0.480433940887;
0.022100,0.482362031937;
0.044200,0.484223842621;
0.000000,0.48614692688;
0.088400,0.488014936447;
0.088400,0.489862918854;
0.044200,0.491837978363;
0.088400,0.494057893753;
0.132600,0.496270895004;
0.044200,0.498527050018;
0.000000,0.500648021698;
0.044200,0.503005981445;
0.044200,0.505513906479;
0.044200,0.507647037506;
0.022100,0.510161876678;
0.066300,0.512235879898;
0.044200,0.514227867126;
0.044200,0.516147851944;
0.088400,0.518048048019;
0.088400,0.519908905029;
0.088400,0.521744966507;
0.066300,0.523838996887;
0.066300,0.525815010071;
0.066300,0.527789831161;
0.022100,0.530170917511;
0.044200,0.532651901245;
0.044200,0.535413980484;
0.000000,0.537857055664;
0.066300,0.540051937103;
0.044200,0.542146921158;
0.066300,0.544214010239;
0.066300,0.546147823334;
0.022100,0.548066854477;
0.000000,0.550045967102;
0.110500,0.551977872849;
0.022100,0.553928852081;
0.066300,0.556041002274;
0.066300,0.558058977127;
0.022100,0.560073852539;
0.066300,0.562082052231;
0.022100,0.564157962799;
0.022100,0.566186904907;
0.044200,0.568362951279;
0.066300,0.571252822876;
0.000000,0.573657035828;
0.022100,0.575986862183;
0.066300,0.577960968018;
0.088400,0.579876899719;
0.110500,0.581684827805;
0.022100,0.583493947983;
0.022100,0.58535695076;
0.044200,0.587399959564;
0.088400,0.589393854141;
0.044200,0.591620922089;
-0.022100,0.593945980072;
0.110500,0.595995903015;
0.044200,0.598165988922;
0.044200,0.600517988205;
0.066300,0.603283882141;
0.044200,0.605726003647;
0.000000,0.608501911163;
0.088400,0.611042022705;
0.000000,0.613059043884;
0.022100,0.615056991577;
0.022100,0.617065906525;
0.022100,0.618979930878;
0.066300,0.620928049088;
0.066300,0.6229429245;
0.022100,0.625159025192;
0.022100,0.627349853516;
0.132600,0.629526853561;
0.066300,0.631721973419;
0.044200,0.634203910828;
0.066300,0.636570930481;
0.000000,0.639428853989;
0.044200,0.641510009766;
0.066300,0.643517017365;
0.066300,0.645354986191;
0.110500,0.647248029709;
0.022100,0.649147033691;
0.066300,0.651113986969;
0.044200,0.653296947479;
-0.022100,0.655354976654;
0.110500,0.657580852509;
0.044200,0.659747838974;
0.022100,0.661865949631;
0.022100,0.664015054703;
0.088400,0.666188955307;
0.022100,0.668478965759;
0.000000,0.670903921127;
0.066300,0.673248052597;
0.088400,0.675459861755;
0.022100,0.678282976151;
0.044200,0.680536031723;
0.088400,0.682716846466;
0.044200,0.684906959534;
0.000000,0.687063932419;
0.044200,0.689208030701;
0.088400,0.691362857819;
0.044200,0.693471908569;
0.066300,0.695516824722;
0.066300,0.697612047195;
0.088400,0.700021982193;
0.044200,0.702221870422;
0.088400,0.705302000046;
0.022100,0.707300901413;
-0.022100,0.709197998047;
0.022100,0.711063861847;
0.066300,0.712921857834;
0.044200,0.714787960052;
-0.022100,0.716650009155;
0.022100,0.718549966812;
0.000000,0.72052693367;
0.022100,0.722496032715;
0.110500,0.724473953247;
0.066300,0.726446866989;
0.022100,0.728426933289;
0.022100,0.730540037155;
0.066300,0.732667922974;
0.088400,0.735468864441;
0.022100,0.737902879715;
0.044200,0.740154981613;
0.066300,0.742259025574;
0.022100,0.744292974472;
0.044200,0.746198892593;
0.000000,0.748065948486;
0.110500,0.749930858612;
0.066300,0.751950979233;
0.044200,0.754221916199;
0.022100,0.75651884079;
0.044200,0.758854866028;
0.000000,0.76149892807;
0.022100,0.763852834702;
0.022100,0.766209840775;
0.088400,0.769073009491;
0.066300,0.77131986618;
0.000000,0.773454904556;
0.022100,0.775511026382;
0.022100,0.777562856674;
0.022100,0.779635906219;
0.088400,0.781602859497;
0.066300,0.783831834793;
0.066300,0.786056041718;
0.044200,0.788161993027;
0.022100,0.790385961533;
0.088400,0.792615890503;
0.066300,0.79487490654;
0.088400,0.797530889511;
0.000000,0.800231933594;
-0.132600,0.802705049515;
-0.265200,0.80481505394;
-0.353600,0.806922912598;
-0.464100,0.809337854385;
-0.640900,0.811421871185;
-0.663000,0.813797950745;
-0.663000,0.815857887268;
-0.640900,0.817921876907;
-0.663000,0.820391893387;
-0.707200,0.822491884232;
-0.640900,0.824527978897;
-0.707200,0.826561927795;
-0.795600,0.82875585556;
-0.928200,0.831195831299;
-1.105000,0.833648920059;
-1.370200,0.835824966431;
-1.657500,0.838148832321;
-1.922700,0.840299844742;
-2.364700,0.8425989151;
-2.762500,0.844763040543;
-3.248700,0.846801996231;
-3.602300,0.848726987839;
-3.911700,0.850812911987;
-4.199000,0.852962970734;
-4.508400,0.855015993118;
-4.817800,0.857152938843;
-5.060900,0.859179973602;
-5.259800,0.86151099205;
-5.547100,0.863950967789;
-5.834400,0.86646604538;
-6.055400,0.868474006653;
-6.254300,0.870445966721;
-6.386900,0.872413873672;
-6.630000,0.874414920807;
-6.917300,0.876443862915;
-7.182500,0.878470897675;
-7.425600,0.880537033081;
-7.801300,0.882561922073;
-8.132800,0.884634017944;
-8.530600,0.887089014053;
-9.038900,0.889456033707;
-9.503000,0.89159989357;
-10.011300,0.893812894821;
-10.387000,0.895961999893;
-10.342800,0.898180007935;
-10.409100,0.900177955627;
-10.364900,0.902149915695;
-10.342800,0.904175043106;
-10.364900,0.906175851822;
-10.541700,0.908206939697;
-10.762700,0.910300016403;
-11.050000,0.912467956543;
-11.359400,0.914928913116;
-11.668800,0.917155981064;
-12.022400,0.919229984283;
-12.530700,0.921229839325;
-12.950600,0.92325592041;
-13.481000,0.925353050232;
-14.144000,0.927511930466;
-15.005900,0.930187940598;
-16.000400,0.932276010513;
-17.105400,0.934478998184;
-18.254600,0.936418056488;
-19.558500,0.938356876373;
-20.928700,0.940430879593;
-22.453600,0.942420959473;
-23.890100,0.944416046143;
-25.569700,0.94637298584;
-27.227200,0.948292970657;
-29.017300,0.950172901154;
-31.227300,0.952152967453;
-33.348900,0.954154014587;
-35.691500,0.956152915955;
-38.144600,0.958365917206;
-41.415400,0.960742950439;
-44.200000,0.962820053101;
-47.006700,0.96476483345;
-49.946000,0.966696977615;
-53.327300,0.968978881836;
-56.819100,0.971146821976;
-60.178300,0.973178863525;
-63.625900,0.975203037262;
-67.471300,0.977227926254;
-71.316700,0.979254007339;
-75.891400,0.981253862381;
-80.444000,0.983324050903;
-83.926800,0.985440969467;
-89.363400,0.987514019012;
-94.910500,0.989734888077;
-103.043300,0.992781877518;
-109.386000,0.995287895203;
-114.557400,0.997400045395;
-119.021600,0.999439954758;
-124.237200,1.00168395042;
-128.635100,1.00388288498;
-133.342400,1.00638985634;
-137.696100,1.00847196579;
-141.342600,1.01047682762;
-144.790200,1.0124669075;
-147.862100,1.01445388794;
-151.110800,1.01645493507;
-154.005900,1.01841282845;
-156.967300,1.02040982246;
-159.663500,1.02231097221;
-162.890100,1.02446985245;
-165.652600,1.02676582336;
-168.746600,1.02915596962;
-171.067100,1.03120803833;
-172.945600,1.03323101997;
-174.779900,1.03525805473;
-176.503700,1.03730583191;
-178.094900,1.0393550396;
-179.730300,1.04150795937;
-181.233100,1.04406905174;
-183.133700,1.0467979908;
-184.548100,1.04907488823;
-185.962500,1.05125999451;
-187.288500,1.05340003967;
-188.769200,1.05599999428;
-190.183600,1.05869603157;
-191.841100,1.06094193459;
-193.145000,1.06303095818;
-194.404700,1.06490397453;
-195.819100,1.06674599648;
-197.189300,1.0686609745;
-198.559500,1.07053685188;
-200.018100,1.07268404961;
-201.454600,1.07484793663;
-202.979500,1.07678103447;
-204.349700,1.07868504524;
-205.808300,1.08061599731;
-207.311100,1.08253788948;
-208.813900,1.0844669342;
-210.405100,1.08637595177;
-211.863700,1.0884718895;
-213.675900,1.0909910202;
-215.687000,1.09326386452;
-217.477100,1.09540987015;
-219.466100,1.09759092331;
-221.565600,1.09985303879;
-223.753500,1.10220003128;
-226.516000,1.10445594788;
-228.924900,1.10650086403;
-231.554800,1.1085319519;
-234.449900,1.1106069088;
-237.742800,1.11267590523;
-241.433500,1.11475300789;
-245.654600,1.11679697037;
-250.096700,1.11892104149;
-256.240500,1.12122392654;
-263.113600,1.12388586998;
-270.627600,1.12622404099;
-279.180300,1.12862896919;
-288.197100,1.1310338974;
-296.528800,1.13297796249;
-302.982000,1.13481688499;
-309.081600,1.13663387299;
-315.048600,1.1384370327;
-320.197900,1.14021897316;
-325.214600,1.14207291603;
-329.966100,1.14404201508;
-334.695500,1.14623594284;
-339.668000,1.14862895012;
-344.662600,1.15120387077;
-348.662700,1.15364599228;
-351.999800,1.15609097481;
-355.381100,1.15846705437;
-358.033100,1.16060304642;
-360.486200,1.16259884834;
-362.541500,1.16462302208;
-364.817800,1.16680288315;
-366.652100,1.168861866;
-368.398000,1.1709728241;
-370.033400,1.17295503616;
-371.514100,1.17493200302;
-372.928500,1.1769618988;
-374.210300,1.17893004417;
-375.536300,1.18116497993;
-376.972800,1.18318200111;
-378.144100,1.18558287621;
-379.602700,1.18874883652;
-380.840300,1.19100594521;
-381.790600,1.19315695763;
-382.652500,1.1951379776;
-383.160800,1.1969268322;
-383.735400,1.19873690605;
-384.310000,1.20055198669;
-384.862500,1.20234203339;
-385.348700,1.20413994789;
-385.724400,1.20618891716;
-386.188500,1.20820784569;
-386.564200,1.21015000343;
-386.939900,1.21214795113;
-387.271400,1.21407198906;
-387.602900,1.21611404419;
-388.067000,1.21888899803;
-388.663700,1.22185397148;
-389.083600,1.22426104546;
-389.459300,1.2262878418;
-389.879200,1.22813796997;
-390.321200,1.22991991043;
-390.807400,1.23168992996;
-391.315700,1.23346590996;
-392.000800,1.2352399826;
-392.708000,1.23704385757;
-393.393100,1.23915791512;
-394.299200,1.24115085602;
-395.006400,1.24305582047;
-396.000900,1.24516391754;
-396.951200,1.24714589119;
-397.901500,1.24923992157;
-398.962300,1.25170683861;
-400.045200,1.25421595573;
-401.216500,1.25667095184;
-402.255200,1.25895190239;
-403.249700,1.26096200943;
-404.244200,1.26288890839;
-405.150300,1.26480793953;
-406.100600,1.26682591438;
-407.316100,1.26908493042;
-408.509500,1.27136087418;
-409.437700,1.27343893051;
-410.365900,1.27545189857;
-411.316200,1.27743005753;
-412.310700,1.27941894531;
-413.349400,1.2814848423;
-414.697500,1.2840988636;
-415.846700,1.28662705421;
-416.885400,1.28882789612;
-418.056700,1.29074597359;
-419.007000,1.29281187057;
-420.001500,1.2946908474;
-421.062300,1.29653191566;
-422.211500,1.29835391045;
-423.471200,1.30022883415;
-424.620400,1.30217695236;
-425.924300,1.30415296555;
-427.117700,1.30615186691;
-428.266900,1.30815386772;
-429.592900,1.31057405472;
-430.963100,1.31266498566;
-432.532200,1.31491994858;
-434.565400,1.31770086288;
-436.753300,1.32049298286;
-438.742300,1.32300686836;
-440.289300,1.3251478672;
-442.167800,1.32702684402;
-443.869500,1.32884693146;
-443.595300,1.33065390587;
-445.694800,1.33247184753;
-447.993200,1.33435893059;
-450.269500,1.33622097969;
-452.523700,1.33843684196;
-454.645300,1.34037399292;
-456.391200,1.34229183197;
-458.137100,1.34422588348;
-459.374700,1.34614801407;
-460.479700,1.34823584557;
-461.297400,1.35071492195;
-462.512900,1.35338592529;
-462.999100,1.35562086105;
-463.463200,1.35760092735;
-463.772600,1.35949683189;
-464.192500,1.36140704155;
-464.612400,1.36336684227;
-464.501900,1.36567592621;
-464.612400,1.36780190468;
-464.811300,1.36998605728;
-464.877600,1.37230801582;
-464.590300,1.3745470047;
-464.280900,1.37673902512;
-464.148300,1.37886404991;
-464.082000,1.38104891777;
-463.352700,1.38379001617;
-463.264300,1.38628697395;
-462.645500,1.38852286339;
-461.783600,1.39067387581;
-461.054300,1.39283490181;
-460.369200,1.39498496056;
-459.418900,1.39718484879;
-458.092900,1.39942598343;
-456.568000,1.40166282654;
-454.976800,1.4039068222;
-453.451900,1.40621304512;
-451.175600,1.40857887268;
-448.435200,1.4114420414;
-445.252800,1.41390800476;
-443.913700,1.41636395454;
-440.068300,1.41894292831;
-435.957700,1.42115187645;
-431.559800,1.42322587967;
-426.940900,1.42529797554;
-422.123100,1.42737102509;
-417.526300,1.42948698997;
-411.979200,1.43168497086;
-406.542600,1.43406200409;
-399.912600,1.43658685684;
-394.453900,1.43909788132;
-387.912300,1.44157099724;
-382.409400,1.44370293617;
-376.199300,1.44583296776;
-369.127300,1.44800186157;
-360.552500,1.4501979351;
-341.878000,1.45323300362;
-324.993600,1.45541191101;
-299.070300,1.45792603493;
-276.417800,1.46007299423;
-258.715700,1.4621758461;
-245.323100,1.46419882774;
-234.869800,1.46614289284;
-226.007700,1.46805000305;
-218.095900,1.46990203857;
-210.051500,1.4720158577;
-200.857900,1.47418904305;
-189.498500,1.47634887695;
-174.293700,1.47853684425;
-146.491900,1.48108196259;
-103.905200,1.48360490799;
-62.631400,1.48614883423;
-43.404400,1.48814582825;
-30.343300,1.49002385139;
-18.762900,1.49202203751;
-4.000100,1.49421095848;
17.238000,1.49651384354;
53.062100,1.49901390076;
86.234200,1.50123000145;
106.941900,1.50341582298;
122.456100,1.5056438446;
132.489500,1.50787782669;
139.163700,1.51010084152;
144.534000,1.51224088669;
148.467800,1.51473093033;
150.456800,1.51751089096;
150.898800,1.51971793175;
150.368400,1.52176403999;
148.887700,1.52387905121;
146.854500,1.52597689629;
144.114100,1.52815485001;
140.777000,1.53033185005;
136.931600,1.53252601624;
132.423200,1.53471589088;
127.472800,1.5367808342;
121.704700,1.53889083862;
114.168600,1.54118394852;
104.665600,1.54341292381;
91.737100,1.54587292671;
70.653700,1.54914689064;
44.686200,1.55174183846;
26.873600,1.55392789841;
11.027900,1.55592799187;
0.817700,1.5579328537;
-9.834500,1.56015300751;
-17.901000,1.56231594086;
-26.475800,1.56444001198;
-33.083700,1.56646990776;
-39.912600,1.56860685349;
-46.586800,1.57069802284;
-54.321800,1.5728700161;
-62.255700,1.57499289513;
-69.592900,1.57724905014;
-76.421800,1.57975292206;
-80.532400,1.58221101761;
-82.278300,1.5844810009;
-81.526900,1.58653092384;
-78.963300,1.5885310173;
-74.919000,1.59065485001;
-69.615000,1.59280896187;
-63.935300,1.59487700462;
-57.835700,1.59695696831;
-51.183600,1.59915804863;
-45.216600,1.60127496719;
-39.028600,1.60351800919;
-32.111300,1.60630202293;
-24.774100,1.60898089409;
-17.680000,1.61159300804;
-10.254400,1.61397600174;
-1.966900,1.61620283127;
6.851000,1.61829590797;
17.746300,1.620470047;
30.343300,1.62257194519;
42.829800,1.62472391129;
54.321800,1.62689495087;
63.692200,1.62907600403;
69.482400,1.63115596771;
72.598500,1.63333702087;
73.040500,1.63554096222;
70.388500,1.63815903664;
64.311000,1.64076399803;
56.973800,1.64305591583;
46.874100,1.64591598511;
37.216400,1.64814901352;
28.619500,1.65022802353;
20.309900,1.65230488777;
12.331800,1.65438199043;
4.862000,1.65658402443;
-2.696200,1.65869498253;
-7.757100,1.66059994698;
-13.525200,1.66300582886;
-18.188300,1.66515398026;
-22.033700,1.66729903221;
-25.061400,1.6695959568;
-27.558700,1.67185592651;
-29.591900,1.67428994179;
-30.785300,1.67658686638;
-31.205200,1.6788380146;
-31.028400,1.68069005013;
-30.652700,1.68260192871;
-29.680300,1.68461585045;
-28.486900,1.68664193153;
-26.807300,1.68866801262;
-24.729900,1.69087100029;
-22.298900,1.69301986694;
-19.448000,1.69515895844;
-16.331900,1.69732284546;
-12.641200,1.6995010376;
-8.508500,1.70163297653;
-3.801200,1.70382499695;
0.751400,1.70601797104;
5.635500,1.70823287964;
11.514100,1.71085095406;
17.348500,1.71350884438;
20.906600,1.71573495865;
23.580700,1.7180519104;
24.398400,1.72015404701;
23.823800,1.72219991684;
22.696700,1.72430086136;
20.420400,1.72646689415;
17.215900,1.72850394249;
13.591500,1.73059797287;
9.834500,1.73275089264;
5.635500,1.73492002487;
2.386800,1.737169981;
-1.569100,1.73967003822;
-5.502900,1.74235987663;
-8.486400,1.74498486519;
-10.652200,1.74715089798;
-12.685400,1.74929499626;
-13.790400,1.75148200989;
-14.232400,1.7536380291;
-14.365000,1.75581502914;
-14.121900,1.75796103477;
-12.818000,1.76054596901;
-11.315200,1.76265001297;
-9.237800,1.76482892036;
-6.961500,1.76697492599;
-5.105100,1.76915693283;
-2.828800,1.77139592171;
-0.176800,1.77382898331;
1.326000,1.77625083923;
3.138200,1.77857303619;
4.486300,1.78071284294;
5.237700,1.78277683258;
5.679700,1.78482794762;
5.900700,1.78693199158;
6.055400,1.7891998291;
5.944900,1.79150485992;
5.768100,1.79381990433;
5.480800,1.79599905014;
5.215600,1.79815387726;
5.016700,1.80029892921;
4.773600,1.80249190331;
4.530500,1.80499386787;
4.331600,1.80706501007;
4.088500,1.80930900574;
3.955900,1.81185698509;
3.845400,1.81391000748;
3.801200,1.81635785103;
3.734900,1.81876802444;
3.734900,1.82067298889;
3.734900,1.82257294655;
3.823300,1.82467889786;
3.757000,1.82665801048;
3.757000,1.82874202728;
3.757000,1.8308339119;
3.779100,1.83276295662;
3.757000,1.83477783203;
3.712800,1.83687996864;
3.845400,1.83903503418;
3.757000,1.84151291847;
3.823300,1.84356093407;
3.757000,1.84551501274;
3.823300,1.84744501114;
3.779100,1.84940004349;
3.757000,1.85139393806;
3.779100,1.85339593887;
3.690700,1.85539197922;
3.757000,1.85740184784;
3.801200,1.85950183868;
3.757000,1.86150789261;
3.779100,1.86346101761;
3.779100,1.86542201042;
3.823300,1.86752486229;
3.779100,1.86969900131;
3.734900,1.87212395668;
3.734900,1.87452292442;
3.779100,1.87675786018;
3.801200,1.87881302834;
3.757000,1.88093304634;
3.823300,1.8831448555;
3.757000,1.88501191139;
3.845400,1.88685202599;
3.757000,1.88871788979;
3.757000,1.89057588577;
3.801200,1.89248800278;
3.823300,1.89449000359;
3.779100,1.89649295807;
3.779100,1.89849185944;
3.823300,1.90108203888;
3.690700,1.90374183655;
3.801200,1.90643596649;
3.779100,1.9088139534;
3.757000,1.91079902649;
3.801200,1.9128370285;
3.712800,1.91475391388;
3.801200,1.91671490669;
3.823300,1.91867089272;
3.779100,1.92061090469;
3.757000,1.92255401611;
3.757000,1.92447090149;
3.646500,1.92645192146;
3.734900,1.928429842;
3.823300,1.93042397499;
3.801200,1.93255782127;
3.734900,1.93517184258;
3.779100,1.93760895729;
3.801200,1.93972182274;
3.779100,1.9416809082;
3.801200,1.94359993935;
3.712800,1.94553995132;
3.734900,1.94751882553;
3.734900,1.94949483871;
3.779100,1.9514670372;
3.779100,1.95344185829;
3.801200,1.95542597771;
3.712800,1.95750498772;
3.712800,1.95952987671;
3.823300,1.96154499054;
3.734900,1.96375083923;
3.801200,1.96655392647;
3.712800,1.96905994415;
3.779100,1.97138690948;
3.779100,1.97368192673;
3.757000,1.97558498383;
3.823300,1.97740197182;
3.668600,1.97924900055;
3.801200,1.98114299774;
3.801200,1.9830288887;
3.712800,1.98493003845;
3.757000,1.9870698452;
3.757000,1.98902988434;
3.779100,1.99098587036;
3.757000,1.99298787117;
3.757000,1.9949760437;
3.757000,1.99698090553;
3.801200,1.99916481972;
3.779100,2.00141191483;
3.734900,2.00385594368;
3.779100,2.00616192818;
3.757000,2.008507967;
3.690700,2.01071691513;
3.734900,2.01291489601;
3.757000,2.01518082619;
3.801200,2.01714205742;
3.779100,2.01902484894;
3.757000,2.02120399475;
3.779100,2.02320289612;
3.757000,2.02517294884;
3.779100,2.02715086937;
3.757000,2.02914786339;
3.757000,2.03150105476;
3.801200,2.03418302536;
3.779100,2.03663992882;
3.734900,2.03848099709;
3.867500,2.04034686089;
3.845400,2.04230284691;
3.757000,2.04419589043;
3.801200,2.04614305496;
3.734900,2.04803705215;
3.757000,2.04992890358;
3.801200,2.05215501785;
3.801200,2.05417203903;
3.757000,2.05622792244;
3.757000,2.05819988251;
3.690700,2.06018304825;
3.779100,2.06214785576;
3.690700,2.06443500519;
3.801200,2.06687784195;
3.801200,2.06945085526;
3.801200,2.07153892517;
3.779100,2.07360696793;
3.779100,2.07549285889;
3.779100,2.07740998268;
3.779100,2.07941484451;
3.823300,2.08136701584;
3.757000,2.083288908;
3.779100,2.08522105217;
3.712800,2.08717989922;
3.779100,2.08920288086;
3.757000,2.09122896194;
3.779100,2.09325385094;
3.712800,2.09529685974;
3.823300,2.0976099968;
3.690700,2.09975790977;
3.779100,2.10194587708;
3.734900,2.1042368412;
3.845400,2.10641098022;
3.823300,2.10858798027;
3.779100,2.11077404022;
3.757000,2.11274003983;
3.801200,2.11471986771;
3.734900,2.11667394638;
3.757000,2.11862897873;
3.712800,2.12062287331;
3.757000,2.12260389328;
3.734900,2.12458205223;
3.801200,2.12655091286;
3.757000,2.12865400314;
3.734900,2.1314868927;
3.757000,2.13399195671;
3.801200,2.13615894318;
3.779100,2.13840293884;
3.757000,2.14058995247;
3.734900,2.1425139904;
3.757000,2.14434885979;
3.823300,2.14629387856;
3.779100,2.14834904671;
3.823300,2.15051984787;
3.823300,2.15304088593;
3.734900,2.15543293953;
3.779100,2.15747690201;
3.779100,2.15942597389;
3.845400,2.16137194633;
3.779100,2.16349601746;
3.845400,2.16590285301;
3.801200,2.16814804077;
3.779100,2.17039299011;
3.757000,2.17256999016;
3.757000,2.17505002022;
3.734900,2.17724490166;
3.734900,2.17928886414;
3.757000,2.18119192123;
3.712800,2.18314504623;
3.779100,2.18514490128;
3.712800,2.18706798553;
3.734900,2.18906283379;
3.757000,2.19100093842;
3.779100,2.19292497635;
3.734900,2.19551587105;
3.757000,2.19833803177;
3.668600,2.20121002197;
3.734900,2.20365285873;
3.757000,2.20548295975;
3.734900,2.20740485191;
3.779100,2.20918297768;
3.779100,2.21094799042;
3.801200,2.21293497086;
3.801200,2.21478796005;
3.823300,2.2166428566;
3.823300,2.21848201752;
3.801200,2.22035503387;
3.734900,2.22218894958;
3.757000,2.22403883934;
3.779100,2.22592496872;
3.757000,2.22837996483;
3.779100,2.23054099083;
3.779100,2.23288989067;
3.823300,2.2351808548;
3.757000,2.23724985123;
3.779100,2.23919701576;
3.734900,2.24117302895;
3.734900,2.24314498901;
3.712800,2.24514698982;
3.801200,2.24714684486;
3.823300,2.249147892;
3.757000,2.25114703178;
3.757000,2.2531478405;
3.712800,2.25515294075;
3.779100,2.25717782974;
3.712800,2.25936484337;
3.712800,2.26218605042;
3.734900,2.26435685158;
3.779100,2.26675486565;
3.801200,2.26863193512;
3.779100,2.27078986168;
3.712800,2.27266383171;
3.712800,2.27448797226;
3.779100,2.27646899223;
3.757000,2.27855992317;
3.801200,2.28051495552;
3.734900,2.28241801262;
3.757000,2.28436398506;
3.779100,2.28646993637;
3.801200,2.28847789764;
3.845400,2.29049396515;
3.801200,2.29248094559;
3.779100,2.29497790337;
3.757000,2.29724097252;
3.823300,2.29942798615;
3.779100,2.30147099495;
3.712800,2.30356884003;
3.734900,2.30555200577;
3.757000,2.30763196945;
3.690700,2.30984282494;
3.801200,2.31207489967;
3.779100,2.31429290771;
3.801200,2.31633782387;
3.779100,2.31837487221;
3.779100,2.32046794891;
3.823300,2.32249999046;
3.757000,2.32449102402;
3.734900,2.32675886154;
3.823300,2.32904887199;
3.823300,2.331553936;
3.757000,2.33368492126;
3.757000,2.33560299873;
3.734900,2.33743691444;
3.779100,2.33923697472;
3.734900,2.34105491638;
3.779100,2.34294700623;
3.757000,2.34515404701;
3.801200,2.3471429348;
3.757000,2.34905600548;
3.779100,2.35095191002;
3.734900,2.35315895081;
3.690700,2.35517287254;
3.712800,2.35719799995;
3.757000,2.35914683342;
3.779100,2.36156201363;
3.757000,2.36436986923;
3.801200,2.36662602425;
3.779100,2.36890101433;
3.757000,2.37096786499;
3.779100,2.37304997444;
3.845400,2.37500596046;
3.779100,2.37687683105;
3.734900,2.37890195847;
3.801200,2.3807990551;
3.779100,2.38269090652;
3.779100,2.38492894173;
3.779100,2.38699197769;
3.712800,2.38894796371;
3.712800,2.39094185829;
3.734900,2.39319086075;
3.823300,2.39540696144;
3.823300,2.39805483818;
3.757000,2.40000700951;
3.845400,2.40203499794;
3.801200,2.40448904037;
3.757000,2.40696287155;
3.779100,2.40917801857;
3.757000,2.41122102737;
3.712800,2.41319584846;
3.845400,2.41517090797;
3.779100,2.41714382172;
3.801200,2.41914391518;
3.801200,2.42114305496;
3.801200,2.42306685448;
3.668600,2.42548799515;
3.757000,2.42802190781;
3.757000,2.43025183678;
3.734900,2.43229198456;
3.823300,2.43434095383;
3.779100,2.43642902374;
3.757000,2.43846583366;
3.757000,2.44062685966;
3.845400,2.44266295433;
3.757000,2.44504785538;
3.779100,2.44729590416;
3.823300,2.44941687584;
3.712800,2.45142292976;
3.801200,2.45345902443;
3.757000,2.45548391342;
3.845400,2.45779490471;
3.757000,2.45992493629;
3.823300,2.4621489048;
3.734900,2.46420001984;
3.779100,2.46629285812;
3.734900,2.46842002869;
3.757000,2.47045898438;
3.845400,2.47248983383;
3.757000,2.47446799278;
3.734900,2.47650098801;
3.779100,2.47853803635;
3.712800,2.48061203957;
3.823300,2.48267698288;
3.712800,2.48477101326;
3.823300,2.48684692383;
3.779100,2.48885989189;
3.757000,2.49098396301;
3.757000,2.49359083176;
3.757000,2.49591398239;
3.779100,2.49802803993;
3.779100,2.50013995171;
3.823300,2.5021469593;
3.779100,2.50414085388;
3.757000,2.50613999367;
3.757000,2.50806498528;
3.734900,2.51001286507;
3.690700,2.51203799248;
3.779100,2.51402592659;
3.734900,2.51602387428;
3.734900,2.51801586151;
3.823300,2.52004384995;
3.734900,2.52244186401;
3.845400,2.52518296242;
3.779100,2.52765583992;
3.823300,2.52984499931;
3.757000,2.53187990189;
3.757000,2.53380584717;
3.801200,2.53572487831;
3.823300,2.53765583038;
3.779100,2.53957891464;
3.690700,2.54149103165;
3.779100,2.54346990585;
3.757000,2.54545903206;
3.779100,2.54743790627;
3.712800,2.54942083359;
3.779100,2.55142688751;
3.823300,2.55352282524;
3.801200,2.55630087852;
3.757000,2.55869603157;
3.757000,2.56096601486;
3.757000,2.562926054;
3.690700,2.56506299973;
3.757000,2.56696486473;
3.779100,2.5688970089;
3.801200,2.57071590424;
3.779100,2.57285189629;
3.779100,2.5748488903;
3.779100,2.57680082321;
3.779100,2.57878994942;
3.757000,2.58103394508;
3.801200,2.58344197273;
3.712800,2.58544301987;
3.801200,2.58774399757;
3.801200,2.58996796608;
3.734900,2.59214997292;
3.734900,2.5941388607;
3.757000,2.59600782394;
3.779100,2.59790301323;
3.779100,2.59977889061;
3.801200,2.60164189339;
3.757000,2.6035490036;
3.734900,2.60546803474;
3.779100,2.60744905472;
3.712800,2.60942196846;
3.845400,2.61142396927;
3.690700,2.61342096329;
3.757000,2.6155769825;
3.734900,2.61800003052;
3.801200,2.62050390244;
3.779100,2.62280488014;
3.779100,2.62495994568;
3.757000,2.62699389458;
3.734900,2.62892198563;
3.757000,2.63109302521;
3.823300,2.63313698769;
3.801200,2.63505983353;
3.757000,2.63714790344;
3.712800,2.63919901848;
3.801200,2.64129185677;
3.779100,2.64346385002;
3.801200,2.64591789246;
3.757000,2.64806699753;
3.734900,2.65014791489;
3.757000,2.65228796005;
3.779100,2.65485596657;
3.757000,2.65761089325;
3.779100,2.65968799591;
3.757000,2.66152095795;
3.712800,2.66335892677;
3.734900,2.66515994072;
3.801200,2.66697001457;
3.757000,2.66892194748;
3.801200,2.67107105255;
3.801200,2.67319893837;
3.801200,2.67517089844;
3.823300,2.67717194557;
3.801200,2.67922091484;
3.779100,2.68195486069;
3.779100,2.68438696861;
3.734900,2.68694901466;
3.823300,2.68967795372;
3.734900,2.69226503372;
3.690700,2.69438505173;
3.734900,2.6963558197;
3.757000,2.69818592072;
3.734900,2.70003890991;
3.734900,2.70195794106;
3.779100,2.70389604568;
3.712800,2.70580983162;
3.757000,2.70771002769;
3.757000,2.70986390114;
3.712800,2.71197485924;
3.712800,2.71407794952;
3.823300,2.71637201309;
3.779100,2.7187359333;
3.779100,2.72134590149;
3.734900,2.7234749794;
3.757000,2.7254960537;
3.801200,2.7274210453;
3.801200,2.72928190231;
3.779100,2.73113203049;
3.779100,2.73300790787;
3.779100,2.73492789268;
3.757000,2.73714900017;
3.712800,2.73914289474;
3.779100,2.74114203453;
3.734900,2.74314594269;
3.757000,2.74514603615;
3.757000,2.74714493752;
3.801200,2.74914503098;
3.712800,2.75144100189;
3.757000,2.75354385376;
3.779100,2.75570082664;
3.801200,2.75769686699;
3.690700,2.75970196724;
3.845400,2.76168298721;
3.757000,2.7639939785;
3.823300,2.76614999771;
3.823300,2.76817393303;
3.779100,2.7701728344;
3.801200,2.77222704887;
3.801200,2.77421998978;
3.779100,2.77616882324;
3.779100,2.77814292908;
3.801200,2.78014397621;
3.823300,2.78224492073;
3.801200,2.78489589691;
3.779100,2.78779196739;
3.779100,2.79008793831;
3.734900,2.79228687286;
3.734900,2.7944278717;
3.801200,2.79639697075;
3.734900,2.79828190804;
3.867500,2.80049991608;
3.712800,2.80248498917;
3.779100,2.80435204506;
3.823300,2.80615186691;
3.779100,2.8078520298;
3.823300,2.80965089798;
3.757000,2.81136894226;
3.734900,2.81312704086;
3.779100,2.81492805481;
3.734900,2.81694602966;
3.779100,2.81898999214;
3.712800,2.82076501846;
3.757000,2.8224799633;
3.757000,2.82440400124;
3.801200,2.82629299164;
3.801200,2.82813382149;
3.734900,2.83000183105;
3.779100,2.83217692375;
3.801200,2.83418297768;
3.757000,2.83623504639;
3.801200,2.83821082115;
3.734900,2.84020090103;
3.757000,2.84227895737;
3.712800,2.84429883957;
3.801200,2.84638690948;
3.757000,2.84887886047;
3.801200,2.85126590729;
3.823300,2.853951931;
3.757000,2.85629701614;
3.823300,2.85847902298;
3.823300,2.86053085327;
3.801200,2.86269187927;
3.867500,2.8647608757;
3.734900,2.86675000191;
3.734900,2.86874985695;
3.779100,2.87077403069;
3.779100,2.873265028;
3.801200,2.87554097176;
3.779100,2.87763905525;
3.757000,2.88014793396;
3.779100,2.88248205185;
3.757000,2.8850979805;
3.823300,2.88713884354;
3.734900,2.88900399208;
3.801200,2.89104700089;
3.823300,2.89291501045;
3.712800,2.89481902122;
3.779100,2.89668393135;
3.734900,2.89860701561;
3.757000,2.90067195892;
3.602300,2.90291190147;
3.668600,2.90524196625;
3.624400,2.90743994713;
3.580200,2.90978097916;
3.580200,2.91186594963;
3.447600,2.91430997849;
3.359200,2.91681790352;
3.270800,2.91919898987;
3.182400,2.92133784294;
3.071900,2.9234418869;
3.071900,2.92527699471;
3.027700,2.92713403702;
2.939300,2.9290099144;
2.939300,2.93088889122;
2.850900,2.93283605576;
2.850900,2.93488192558;
2.828800,2.93687987328;
2.740400,2.93887591362;
2.762500,2.94087696075;
2.674100,2.94294095039;
2.607800,2.94516181946;
2.497300,2.94770383835;
2.320500,2.95002603531;
2.254200,2.95239496231;
2.077400,2.9543800354;
1.989000,2.95627903938;
1.834300,2.95815682411;
1.790100,2.96004104614;
1.657500,2.9619178772;
1.502800,2.96383404732;
1.414400,2.96587896347;
1.237600,2.96787500381;
1.237600,2.96992087364;
1.127100,2.97233891487;
0.972400,2.97476482391;
0.928200,2.97688388824;
0.839800,2.97899985313;
0.795600,2.98177504539;
0.640900,2.9842748642;
0.574600,2.98661589622;
0.464100,2.98880982399;
0.176800,2.99113798141;
0.022100,2.99297189713;
-0.132600,2.99495196342;
-0.375700,2.99726295471;
-0.685100,2.99949598312;
-0.994500,3.00149083138;
-1.193400,3.00344491005;
-1.547000,3.00536394119;
-1.834300,3.0074608326;
-2.187900,3.00978684425;
-2.585700,3.01191902161;
-3.138200,3.01449894905;
-3.558100,3.01701903343;
-4.243200,3.01940083504;
-4.773600,3.02140784264;
-5.348200,3.02341198921;
-5.967000,3.02543282509;
-6.585800,3.02746200562;
-7.381400,3.02949094772;
-8.132800,3.03146386147;
-8.840000,3.03345704079;
-9.657700,3.03544092178;
-10.541700,3.03744387627;
-11.381500,3.0395219326;
-11.779300,3.04159784317;
-11.956100,3.04368782043;
-12.221300,3.04610705376;
-12.309700,3.04861283302;
-12.530700,3.05080890656;
-12.729600,3.05283403397;
-12.994800,3.05475187302;
-13.436800,3.05672502518;
-13.923000,3.05872297287;
-14.453400,3.06077384949;
-15.116400,3.06276488304;
-15.779400,3.06475400925;
-16.597100,3.06677389145;
-17.503200,3.0688149929;
-18.475600,3.07093787193;
-19.646900,3.07314991951;
-20.862400,3.07525205612;
-22.144200,3.07749605179;
-24.398400,3.08038496971;
-26.299000,3.08265900612;
-28.221700,3.08468294144;
-30.277000,3.08684301376;
-32.354400,3.08901286125;
-35.116900,3.09144997597;
-37.680500,3.09340190887;
-40.111500,3.09548187256;
-43.691700,3.09802389145;
-46.918300,3.10023903847;
-51.028900,3.1024980545;
-54.763800,3.10471701622;
-59.228000,3.10677289963;
-63.471200,3.10875082016;
-68.045900,3.11075782776;
-73.637200,3.11302399635;
-79.361100,3.11542391777;
-84.567700,3.11780691147;
-90.291600,3.11984086037;
-95.882900,3.12179589272;
-100.921700,3.12369585037;
-105.872100,3.12557792664;
-110.601500,3.12744402885;
-114.734200,3.12935400009;
-119.176300,3.13144183159;
-123.530000,3.13345503807;
-127.309100,3.13543105125;
-131.021900,3.13747882843;
-134.182200,3.13945102692;
-136.988900,3.14141702652;
-139.464100,3.14343190193;
-142.403400,3.14593982697;
-144.635500,3.14803385735;
-147.552700,3.1510720253;
-149.829000,3.15329504013;
-151.508600,3.15517902374;
-152.967200,3.15694403648;
-154.624700,3.15892505646;
-156.436900,3.16096591949;
-157.807100,3.16279792786;
-159.420400,3.1646490097;
-160.901100,3.16658902168;
-162.359700,3.16848897934;
-163.707800,3.17040491104;
-165.078000,3.17236685753;
-166.492400,3.17448186874;
-167.840500,3.17666697502;
-169.254900,3.17888998985;
-171.177600,3.18160700798;
-172.547800,3.1838760376;
-173.763300,3.18600296974;
-175.155600,3.1880209446;
-176.481600,3.19002890587;
-178.161200,3.19228196144;
-180.061800,3.19456100464;
-181.940300,3.19697904587;
-183.796700,3.19914603233;
-185.719400,3.20129084587;
-187.575800,3.20347094536;
-189.299600,3.20540094376;
-190.714000,3.2073969841;
-192.437800,3.20945692062;
-195.045600,3.2129099369;
-197.476600,3.21539592743;
-199.598200,3.2176618576;
-201.719800,3.21988582611;
-204.239200,3.2223098278;
-205.985100,3.2243578434;
-207.907800,3.2264509201;
-209.830500,3.2285618782;
-211.664800,3.23066687584;
-213.653800,3.23279285431;
-215.753300,3.23501801491;
-217.852800,3.23714804649;
-220.283800,3.23930883408;
-222.538000,3.24165296555;
-224.991100,3.24419784546;
-227.908300,3.24688482285;
-231.179100,3.2497780323;
-233.610100,3.2518248558;
-235.952700,3.25372695923;
-238.538400,3.25554704666;
-241.190400,3.25749397278;
-244.262300,3.25940895081;
-247.312100,3.2612798214;
-250.605000,3.26318693161;
-254.185200,3.26514601707;
-257.920100,3.2670340538;
-261.500300,3.26890993118;
-265.301500,3.27084493637;
-269.412100,3.27311086655;
-275.379100,3.27580094337;
-282.804700,3.27905201912;
-289.390500,3.28171396255;
-295.910000,3.284044981;
-300.086900,3.285820961;
-304.462700,3.2879049778;
-308.683800,3.28980088234;
-312.882800,3.29171085358;
-316.551400,3.29374790192;
-319.999000,3.29579401016;
-323.291900,3.29838299751;
-326.717400,3.30040597916;
-329.170500,3.30243182182;
-331.071100,3.30436182022;
-332.706500,3.30637097359;
-334.695500,3.30847597122;
-336.574000,3.31077289581;
-338.364100,3.31293582916;
-340.331000,3.31540393829;
-341.789600,3.31749582291;
-342.916700,3.31960582733;
-344.176400,3.32173299789;
-345.259300,3.32389688492;
-346.563200,3.32614898682;
-347.601900,3.32829284668;
-348.618500,3.330493927;
-349.237300,3.33262681961;
-349.701400,3.33513784409;
-350.298100,3.33775401115;
-350.519100,3.33993387222;
-351.027400,3.342263937;
-351.381000,3.34499287605;
-351.712500,3.34717082977;
-352.110300,3.34924602509;
-352.552300,3.35130190849;
-352.905900,3.3534450531;
-353.149000,3.35556793213;
-353.502600,3.35811805725;
-353.856200,3.36062884331;
-353.966700,3.36278486252;
-354.143500,3.36499404907;
-354.364500,3.36717391014;
-354.519200,3.36929392815;
-354.740200,3.37132096291;
-354.850700,3.37336492538;
-355.049600,3.37536001205;
-355.381100,3.37816405296;
-355.756800,3.38065195084;
-356.176700,3.38288092613;
-356.574500,3.3851518631;
-357.082800,3.38731002808;
-357.569000,3.3895509243;
-358.055200,3.39166092873;
-358.497200,3.39378499985;
-359.049700,3.39582395554;
-359.801100,3.39817595482;
-360.574600,3.40051984787;
-361.436500,3.403236866;
-362.165800,3.40550994873;
-362.740400,3.4077038765;
-363.801200,3.41033482552;
-364.464200,3.41262483597;
-365.281900,3.41501998901;
-366.210100,3.4173438549;
-366.519500,3.41947102547;
-366.497400,3.42161893845;
-366.298500,3.42414093018;
-365.989100,3.42661690712;
-365.790200,3.42878603935;
-365.569200,3.43094682693;
-365.326100,3.43314385414;
-365.060900,3.4352478981;
-365.149300,3.43737983704;
-365.569200,3.43951296806;
-366.254300,3.44165992737;
-366.917300,3.44423103333;
-367.315100,3.44689893723;
-367.867600,3.44929885864;
-368.375900,3.45143699646;
-368.862100,3.45323204994;
-369.348300,3.45502305031;
-369.812400,3.4568400383;
-370.276500,3.45864391327;
-370.851100,3.46043395996;
-371.447800,3.46231484413;
-372.044500,3.46428585052;
-372.574900,3.46621584892;
-373.171600,3.46813893318;
-373.635700,3.47013902664;
-374.121900,3.47221803665;
-374.586000,3.47475290298;
-375.381600,3.47746896744;
-376.000400,3.48038101196;
-376.376100,3.48261904716;
-376.796000,3.48448991776;
-377.149600,3.48639893532;
-377.414800,3.48815202713;
-377.525300,3.48991203308;
-377.591600,3.49167704582;
-377.657900,3.49347996712;
-377.724200,3.49538993835;
-377.834700,3.49728488922;
-377.878900,3.49924087524;
-377.945200,3.5011370182;
-377.901000,3.50379085541;
-377.923100,3.50632596016;
-377.945200,3.50882792473;
-378.011500,3.51120996475;
-377.834700,3.51362395287;
-377.856800,3.51629805565;
-377.746300,3.51849794388;
-377.635800,3.52056288719;
-377.547400,3.52254104614;
-377.459000,3.52452588081;
-377.370600,3.52657389641;
-377.238000,3.52870798111;
-377.238000,3.53079104424;
-377.127500,3.53287196159;
-377.149600,3.53496098518;
-377.061200,3.5371530056;
-376.950700,3.53952884674;
-376.906500,3.54188489914;
-376.862300,3.54452896118;
-376.862300,3.54702186584;
-376.663400,3.54946899414;
-376.597100,3.55155801773;
-376.508700,3.55361199379;
-376.442400,3.55578684807;
-376.464500,3.55791401863;
-376.354000,3.56017494202;
-376.265600,3.56234288216;
-376.133000,3.56453299522;
-376.110900,3.56665086746;
-376.044600,3.5688149929;
-376.088800,3.5709798336;
-375.889900,3.57369589806;
-375.867800,3.57634592056;
-375.713100,3.57866382599;
-375.735200,3.58065104485;
-375.691000,3.58245801926;
-375.668900,3.58427500725;
-375.558400,3.58622384071;
-375.536300,3.58820605278;
-375.514200,3.59005999565;
-375.470000,3.59215188026;
-375.315300,3.59438300133;
-375.271100,3.59661602974;
-375.249000,3.59885787964;
-375.160600,3.60103297234;
-374.983800,3.60330295563;
-374.917500,3.60585904121;
-374.740700,3.6083920002;
-374.674400,3.6108789444;
-374.541800,3.61278891563;
-374.342900,3.61470985413;
-374.121900,3.61666893959;
-373.945100,3.61853504181;
-373.702000,3.62039399147;
-373.481000,3.6222858429;
-373.171600,3.62424302101;
-373.061100,3.62619185448;
-372.751700,3.62813997269;
-372.442300,3.6301419735;
-372.088700,3.63214087486;
-371.735100,3.63414287567;
-371.204700,3.63614296913;
-370.740600,3.63845992088;
-369.945000,3.64129304886;
-369.038900,3.64364504814;
-368.265400,3.64564800262;
-367.425600,3.64742588997;
-366.519500,3.64920401573;
-365.370300,3.65113282204;
-363.867500,3.65313386917;
-362.364700,3.65520095825;
-360.198900,3.65750598907;
-358.033100,3.65967488289;
-355.712600,3.6616859436;
-353.237400,3.66394305229;
-348.994200,3.6665430069;
-344.861500,3.6690428257;
-339.402800,3.6717338562;
-333.701000,3.6741809845;
-326.032300,3.6767809391;
-320.374700,3.67875289917;
-313.523700,3.68073701859;
-306.031800,3.68273687363;
-298.009500,3.68470692635;
-289.611500,3.68668484688;
-280.528400,3.6887550354;
-270.826500,3.69083189964;
-260.019600,3.69298887253;
-250.185100,3.69514298439;
-240.350600,3.69729590416;
-231.289600,3.69949102402;
-222.250700,3.70163989067;
-212.681400,3.70397400856;
-203.112100,3.7062330246;
-189.432200,3.70876288414;
-173.409700,3.71093988419;
-149.143900,3.71314001083;
-112.568400,3.71529698372;
-77.482600,3.71723484993;
-54.564900,3.71918988228;
-37.393200,3.72130489349;
-23.956400,3.72353386879;
-7.425600,3.72614097595;
18.873400,3.72871685028;
50.498500,3.73094391823;
81.261700,3.73319983482;
106.588300,3.73543596268;
124.246200,3.73786997795;
133.815500,3.74022603035;
143.141700,3.74255299568;
148.114200,3.74457383156;
152.269000,3.74661898613;
155.230400,3.74857497215;
157.153100,3.75061202049;
157.992900,3.75273704529;
157.705600,3.75498199463;
156.401700,3.7572259903;
154.147500,3.75949883461;
151.296600,3.76172494888;
147.871100,3.76384997368;
143.959400,3.76596093178;
138.986900,3.76833486557;
129.660700,3.77184700966;
120.953300,3.77447199821;
112.201700,3.77654194832;
101.858900,3.7785179615;
88.068500,3.78058004379;
71.648200,3.78254985809;
53.371500,3.78461694717;
33.371000,3.78685903549;
15.602600,3.78914904594;
1.193400,3.79137396812;
-10.188100,3.79360198975;
-19.094400,3.79579901695;
-25.989600,3.79792904854;
-32.862700,3.80014300346;
-40.443000,3.80259585381;
-49.437700,3.80547404289;
-57.946200,3.80795502663;
-64.708800,3.81024003029;
-68.929900,3.81237196922;
-72.200700,3.81444597244;
-73.173100,3.81652998924;
-72.465900,3.81849002838;
-70.322200,3.82056188583;
-66.079000,3.82280397415;
-61.305400,3.82481789589;
-56.200300,3.82684803009;
-50.807900,3.82890892029;
-45.393400,3.83114886284;
-39.492700,3.83332800865;
-32.973200,3.83583283424;
-27.602900,3.83793592453;
-21.525400,3.8401389122;
-16.110900,3.84204792976;
-10.232300,3.84394788742;
-3.558100,3.84588098526;
4.574700,3.84780788422;
13.260000,3.84976387024;
23.492300,3.85174298286;
33.680400,3.85374093056;
44.354700,3.85574793816;
53.658800,3.85774183273;
60.266700,3.85974192619;
64.487800,3.86173987389;
66.543100,3.86374592781;
66.034800,3.86586093903;
62.123100,3.86858201027;
56.907500,3.87066984177;
49.680800,3.87299895287;
42.785600,3.87497591972;
35.514700,3.8769159317;
27.006200,3.87914991379;
19.160700,3.88113689423;
12.088700,3.88304185867;
5.436600,3.88492393494;
-1.215500,3.88714599609;
-6.652100,3.88938784599;
-11.668800,3.89164304733;
-16.641300,3.89388298988;
-20.265700,3.89614701271;
-22.763000,3.89828395844;
-25.105600,3.90057587624;
-26.763100,3.90302586555;
-27.602900,3.90556693077;
-27.602900,3.90762686729;
-27.138800,3.90954685211;
-26.431600,3.91148996353;
-25.216100,3.91339683533;
-23.624900,3.91547703743;
-21.149700,3.91784405708;
-18.387200,3.92018198967;
-15.116400,3.92237591743;
-11.492000,3.92459082603;
-7.293000,3.92691898346;
-2.121600,3.92929697037;
2.431000,3.9315559864;
8.243300,3.93402099609;
13.326300,3.93628883362;
19.514300,3.93886899948;
22.785100,3.94097495079;
25.812800,3.94313693047;
27.426100,3.94502687454;
27.293500,3.94695496559;
26.343200,3.94894099236;
24.265800,3.95117783546;
21.238100,3.95321702957;
17.657900,3.95524287224;
13.834600,3.95728492737;
9.679800,3.95932602882;
5.237700,3.96141600609;
1.745900,3.96347999573;
-1.657500,3.96589493752;
-5.989100,3.96860003471;
-9.414600,3.97117495537;
-11.690900,3.97331690788;
-13.679900,3.97527384758;
-14.807000,3.97715187073;
-15.403700,3.97903490067;
-15.713100,3.98094296455;
-15.713100,3.98288297653;
-15.470000,3.98483800888;
-14.541800,3.98683285713;
-13.326300,3.98884987831;
-11.602500,3.99082303047;
-9.503000,3.99285697937;
-7.182500,3.99486303329;
-5.237700,3.99695491791;
-2.475200,3.99962091446;
0.265200,4.00204205513;
2.718300,4.00456786156;
4.486300,4.00659894943;
5.944900,4.00849986076;
7.270900,4.01037883759;
8.309600,4.01223087311;
9.237800,4.01412796974;
9.989200,4.01622104645;
10.364900,4.01852488518;
10.453300,4.020622015;
9.503000,4.02265691757;
8.375900,4.02506303787;
8.044400,4.02729988098;
6.630000,4.02941298485;
5.171400,4.03167200089;
4.508400,4.03387403488;
3.978000,4.03638195992;
3.071900,4.03850698471;
2.652000,4.04046082497;
2.497300,4.0424258709;
2.254200,4.04438686371;
2.033200,4.04629302025;
1.900600,4.0482339859;
2.055300,4.0502178669;
1.989000,4.05230593681;
1.966900,4.05441784859;
1.989000,4.05645990372;
1.989000,4.05855894089;
1.944800,4.06066393852;
1.966900,4.06281900406;
1.900600,4.06592392921;
2.011100,4.06826090813;
1.944800,4.07039690018;
2.011100,4.0724298954;
1.966900,4.07475090027;
1.900600,4.07680892944;
1.989000,4.07877802849;
1.944800,4.08073782921;
1.989000,4.08272886276;
1.989000,4.08483791351;
1.944800,4.08729887009;
2.011100,4.08946299553;
1.944800,4.09155797958;
1.944800,4.09356284142;
1.922700,4.0954978466;
1.922700,4.09769487381;
1.989000,4.1005358696;
2.055300,4.10286188126;
1.966900,4.10515999794;
1.966900,4.10712695122;
1.900600,4.10895586014;
1.966900,4.11093997955;
1.966900,4.11303687096;
2.055300,4.11525297165;
1.989000,4.11718583107;
1.966900,4.11916089058;
1.989000,4.12119483948;
1.900600,4.12329602242;
1.900600,4.12551283836;
1.922700,4.12759804726;
2.011100,4.12994503975;
1.944800,4.13265490532;
1.966900,4.13494992256;
1.944800,4.13695883751;
2.011100,4.13902902603;
2.033200,4.14101696014;
1.966900,4.14294290543;
1.922700,4.1452498436;
1.944800,4.14736199379;
1.966900,4.14942002296;
2.011100,4.15145802498;
1.900600,4.15345597267;
1.922700,4.15547990799;
1.922700,4.15753293037;
1.944800,4.15961694717;
2.011100,4.16189098358;
2.033200,4.16482496262;
1.989000,4.1675298214;
2.011100,4.16983294487;
2.011100,4.17176485062;
1.922700,4.17365193367;
2.033200,4.1755130291;
2.033200,4.17742085457;
1.900600,4.17945885658;
1.966900,4.18149495125;
1.944800,4.18347883224;
2.055300,4.1854569912;
1.944800,4.1874499321;
1.922700,4.18950891495;
1.989000,4.1917579174;
2.011100,4.19404292107;
2.011100,4.19680094719;
1.989000,4.19919705391;
1.966900,4.20112895966;
1.922700,4.20301604271;
1.966900,4.20493602753;
2.011100,4.20720005035;
1.966900,4.20917987823;
2.033200,4.21113705635;
1.966900,4.21313691139;
1.966900,4.21515583992;
1.922700,4.2173538208;
1.989000,4.21991801262;
2.033200,4.22217202187;
2.033200,4.22438001633;
1.966900,4.2268550396;
2.011100,4.22960186005;
1.966900,4.2318148613;
1.989000,4.23376393318;
1.944800,4.23572397232;
2.011100,4.23781991005;
1.989000,4.23989486694;
1.966900,4.24186396599;
2.033200,4.24388694763;
2.011100,4.24591588974;
1.966900,4.24839401245;
1.944800,4.25051093102;
2.077400,4.25255203247;
1.966900,4.25461602211;
2.011100,4.25676703453;
1.944800,4.25889897346;
1.989000,4.26113986969;
2.011100,4.26352787018;
1.966900,4.26552700996;
2.011100,4.26752495766;
1.966900,4.26947689056;
1.966900,4.27142000198;
2.011100,4.27335596085;
1.989000,4.27537584305;
1.922700,4.27736997604;
1.966900,4.27947187424;
1.966900,4.28144598007;
2.011100,4.28342103958;
1.944800,4.28546285629;
1.944800,4.28743290901;
2.055300,4.28946399689;
1.966900,4.29214692116;
1.966900,4.29439997673;
1.966900,4.29670000076;
2.011100,4.29855799675;
1.944800,4.30038905144;
1.944800,4.30227398872;
1.944800,4.30412888527;
2.011100,4.30595898628;
1.989000,4.30785489082;
1.989000,4.30980300903;
2.011100,4.31175804138;
1.856400,4.31373596191;
1.966900,4.31581997871;
1.966900,4.31816005707;
2.033200,4.32042384148;
1.989000,4.32246899605;
1.989000,4.32482194901;
2.011100,4.32748699188;
1.944800,4.32972788811;
1.966900,4.33166599274;
2.011100,4.33357286453;
2.011100,4.33544182777;
1.966900,4.33735585213;
1.966900,4.33927702904;
1.922700,4.34115791321;
2.033200,4.34304594994;
1.944800,4.34506392479;
2.011100,4.34699082375;
1.922700,4.34895801544;
1.944800,4.35096502304;
1.944800,4.35297393799;
2.011100,4.35497093201;
1.944800,4.35704803467;
1.989000,4.35951900482;
1.922700,4.3618979454;
1.922700,4.36385083199;
2.011100,4.36578989029;
2.033200,4.36771583557;
1.966900,4.36967802048;
2.033200,4.37192797661;
1.966900,4.37406086922;
1.922700,4.37629103661;
1.944800,4.37852597237;
1.989000,4.38101005554;
1.922700,4.38329792023;
1.966900,4.38532495499;
1.966900,4.38738083839;
1.966900,4.39004898071;
2.011100,4.39248085022;
1.966900,4.39463496208;
1.944800,4.39664983749;
2.011100,4.39864182472;
2.011100,4.40104603767;
1.966900,4.40324187279;
1.966900,4.40528297424;
1.922700,4.40731096268;
1.966900,4.40942788124;
1.944800,4.41148805618;
2.011100,4.4135248661;
1.966900,4.41561603546;
2.011100,4.41772699356;
1.944800,4.41982483864;
2.011100,4.42220187187;
1.989000,4.42497086525;
2.011100,4.42736983299;
1.966900,4.42939996719;
1.966900,4.43140101433;
1.944800,4.43339204788;
1.944800,4.43543696404;
1.989000,4.43739199638;
1.944800,4.43931102753;
1.989000,4.44128298759;
1.944800,4.44331598282;
1.966900,4.44547486305;
1.966900,4.44757604599;
1.966900,4.44967889786;
2.011100,4.4517698288;
2.033200,4.4539039135;
2.011100,4.45624303818;
1.966900,4.45847797394;
2.055300,4.46048903465;
1.989000,4.46246695518;
2.011100,4.46444892883;
1.966900,4.46644997597;
1.989000,4.46846294403;
1.989000,4.47044682503;
1.966900,4.47244691849;
1.989000,4.47444701195;
1.922700,4.47655701637;
1.966900,4.47867393494;
2.011100,4.48081088066;
1.989000,4.48292684555;
1.944800,4.48567390442;
1.922700,4.48824286461;
2.011100,4.49089598656;
1.966900,4.49313902855;
2.011100,4.49512982368;
1.966900,4.49713301659;
1.922700,4.4991350174;
1.966900,4.50113487244;
2.055300,4.50313401222;
2.055300,4.50513291359;
1.989000,4.50714182854;
2.011100,4.50922203064;
1.944800,4.51131892204;
1.966900,4.513422966;
2.011100,4.51542782784;
1.989000,4.51803088188;
2.055300,4.52040505409;
2.011100,4.52272891998;
1.966900,4.52489495277;
1.966900,4.52698493004;
2.011100,4.52895689011;
1.966900,4.53089785576;
2.055300,4.53281593323;
2.011100,4.53474283218;
1.944800,4.53666687012;
1.989000,4.53858685493;
1.944800,4.54082489014;
1.944800,4.54287600517;
2.011100,4.5448949337;
1.989000,4.54717898369;
1.944800,4.54948496819;
1.966900,4.55179405212;
1.944800,4.55439186096;
1.966900,4.5565829277;
1.989000,4.55857491493;
1.922700,4.56054496765;
1.966900,4.56240391731;
2.033200,4.56427502632;
1.966900,4.56612801552;
1.966900,4.56796383858;
1.944800,4.56983399391;
1.966900,4.5717279911;
1.989000,4.57373690605;
1.966900,4.57575488091;
2.055300,4.57774090767;
1.922700,4.57973885536;
1.878500,4.58189582825;
1.944800,4.58473205566;
2.077400,4.58746600151;
1.989000,4.58984494209;
1.922700,4.59179496765;
1.989000,4.59365582466;
1.989000,4.59548187256;
1.922700,4.59733605385;
1.944800,4.59936594963;
1.944800,4.60143184662;
1.922700,4.60387086868;
1.989000,4.60597801208;
1.989000,4.60823702812;
1.966900,4.6107749939;
1.989000,4.61293888092;
2.011100,4.61520886421;
1.966900,4.61817598343;
1.989000,4.62074804306;
1.989000,4.62323904037;
1.966900,4.62537503242;
1.966900,4.62779688835;
1.966900,4.63001298904;
1.944800,4.63258695602;
2.055300,4.6348798275;
1.944800,4.63716697693;
1.966900,4.63951587677;
1.922700,4.64177489281;
1.966900,4.64385485649;
1.989000,4.64614391327;
2.011100,4.64859890938;
1.989000,4.65090799332;
2.011100,4.65333104134;
2.011100,4.65545582771;
1.944800,4.65734505653;
1.989000,4.65923285484;
2.033200,4.66118788719;
1.966900,4.66329503059;
1.989000,4.66545605659;
1.966900,4.66767001152;
1.944800,4.66989994049;
1.989000,4.67262196541;
2.011100,4.67502593994;
1.966900,4.67729592323;
2.011100,4.67939996719;
1.966900,4.6819319725;
1.944800,4.68455386162;
2.011100,4.68661785126;
1.944800,4.68863487244;
1.989000,4.69073390961;
2.033200,4.69280195236;
1.966900,4.69476795197;
2.011100,4.69672894478;
1.966900,4.69885802269;
1.944800,4.70126104355;
1.944800,4.70397400856;
1.944800,4.70622301102;
1.989000,4.7084839344;
1.989000,4.71063303947;
1.966900,4.7130188942;
1.989000,4.71552395821;
2.055300,4.71816802025;
1.966900,4.7202398777;
2.077400,4.72233104706;
2.033200,4.72445297241;
1.989000,4.72652983665;
1.944800,4.72873187065;
2.011100,4.73094391823;
2.011100,4.73323202133;
2.011100,4.7354798317;
1.944800,4.73756694794;
2.011100,4.73954987526;
2.011100,4.74143505096;
1.944800,4.74344682693;
1.944800,4.74573302269;
1.966900,4.74807691574;
1.966900,4.75003004074;
2.011100,4.75200986862;
2.099500,4.75412583351;
1.944800,4.75621795654;
2.011100,4.75858998299;
2.011100,4.76066184044;
1.944800,4.76265788078;
1.989000,4.7646188736;
1.989000,4.76698303223;
2.011100,4.76932191849;
1.966900,4.77145195007;
2.033200,4.77343702316;
1.989000,4.77552604675;
1.944800,4.77798891068;
1.989000,4.78059697151;
1.922700,4.78307104111;
2.011100,4.7852909565;
1.944800,4.78717398643;
1.944800,4.78912401199;
2.033200,4.79093503952;
1.966900,4.79293704033;
2.033200,4.7948589325;
1.989000,4.7967839241;
1.944800,4.79869699478;
1.966900,4.80084705353;
1.944800,4.80281996727;
1.966900,4.80472898483;
1.966900,4.80670785904;
1.922700,4.80899882317;
1.966900,4.81179594994;
1.944800,4.81433582306;
1.900600,4.81646203995;
1.944800,4.81857299805;
1.922700,4.82054185867;
2.055300,4.82251286507;
1.944800,4.82457590103;
1.989000,4.82671284676;
1.966900,4.82901597023;
2.055300,4.83116197586;
1.989000,4.83324599266;
1.944800,4.83548092842;
2.011100,4.83749198914;
1.966900,4.83950090408;
1.966900,4.84174704552;
1.966900,4.84422683716;
2.011100,4.84722185135;
1.944800,4.84932994843;
1.944800,4.85143184662;
2.055300,4.85347795486;
1.989000,4.85551905632;
1.944800,4.85754704475;
2.011100,4.85957288742;
2.033200,4.86169886589;
1.966900,4.86387085915;
2.033200,4.86597800255;
2.033200,4.86814284325;
1.989000,4.87029004097;
1.966900,4.87249183655;
1.989000,4.8749089241;
1.944800,4.87738704681;
1.989000,4.87989401817;
1.966900,4.88215494156;
1.989000,4.88413000107;
1.966900,4.8861310482;
1.966900,4.88812685013;
1.966900,4.89012789726;
1.944800,4.89216804504;
1.966900,4.89434099197;
2.011100,4.89651203156;
1.944800,4.89870595932;
1.900600,4.90089583397;
1.966900,4.90314483643;
1.944800,4.90537190437;
1.966900,4.90788984299;
1.989000,4.91071200371;
1.966900,4.91322088242;
1.966900,4.91522789001;
1.966900,4.91712403297;
1.922700,4.91900086403;
2.011100,4.92083191872;
1.966900,4.92267489433;
1.989000,4.92453289032;
2.033200,4.92646098137;
1.944800,4.92840504646;
1.944800,4.93038201332;
1.944800,4.93246889114;
2.033200,4.93481492996;
2.033200,4.93682599068;
1.966900,4.93924283981;
1.989000,4.94214892387;
2.033200,4.9447119236;
2.055300,4.94681191444;
1.989000,4.94872403145;
1.989000,4.95075583458;
1.966900,4.95281600952;
1.966900,4.95477795601;
1.944800,4.95671892166;
2.011100,4.95872402191;
1.944800,4.96072101593;
1.989000,4.96271300316;
2.011100,4.96476101875;
1.966900,4.96677184105;
1.966900,4.96882104874;
2.011100,4.97088003159;
2.011100,4.97331595421;
1.989000,4.97603297234;
2.011100,4.97868394852;
1.966900,4.98089003563;
1.966900,4.98319101334;
1.989000,4.98515701294;
2.011100,4.98703789711;
2.033200,4.98895192146;
2.011100,4.99097299576;
2.033200,4.99293994904;
1.966900,4.99492192268;
1.922700,4.99734091759;
2.011100,4.99947404861;
1.966900,5.00156092644;
2.011100,5.00363183022;
1.989000,5.00613498688;
1.966900,5.00858187675;
1.989000,5.01078701019;
1.989000,5.01271796227;
1.966900,5.01468300819;
1.944800,5.01661586761;
1.966900,5.01893496513;
1.966900,5.02113604546;
1.966900,5.02315998077;
1.989000,5.02518582344;
1.966900,5.02720999718;
1.966900,5.02921104431;
1.989000,5.03128504753;
1.900600,5.03342294693;
1.966900,5.03558182716;
1.989000,5.03808903694;
1.966900,5.04062700272;
1.922700,5.04304385185;
2.011100,5.04505300522;
1.989000,5.04712796211;
2.033200,5.04913282394;
1.944800,5.05112886429;
2.011100,5.05313491821;
1.900600,5.05515789986;
2.033200,5.05721092224;
2.011100,5.05920982361;
1.878500,5.06121182442;
1.966900,5.06324386597;
1.944800,5.06531882286;
1.966900,5.0674238205;
2.033200,5.06949687004;
1.922700,5.07221889496;
1.966900,5.07465696335;
1.966900,5.07705497742;
1.944800,5.07902097702;
1.944800,5.08093595505;
1.966900,5.08292889595;
1.989000,5.08538985252;
1.944800,5.08761096001;
1.989000,5.08963990211;
1.944800,5.09164094925;
2.011100,5.09363603592;
2.033200,5.09566688538;
1.989000,5.09773087502;
1.944800,5.09977602959;
2.011100,5.10179495811;
1.944800,5.10484004021;
2.011100,5.10745000839;
1.989000,5.10971283913;
1.989000,5.11192083359;
2.033200,5.11403799057;
2.011100,5.11587882042;
1.966900,5.11771893501;
1.966900,5.11975884438;
2.011100,5.12169098854;
1.966900,5.12357401848;
2.011100,5.12543201447;
2.011100,5.12735199928;
1.966900,5.12941384315;
1.966900,5.13144993782;
2.055300,5.13347101212;
1.989000,5.13562893867;
1.966900,5.13785600662;
1.922700,5.14056682587;
2.011100,5.14269804955;
1.922700,5.14465594292;
2.011100,5.14649486542;
1.922700,5.1483259201;
1.966900,5.15019893646;
2.033200,5.15215802193;
2.011100,5.15412998199;
2.011100,5.15603303909;
2.011100,5.15793085098;
1.966900,5.16014099121;
1.944800,5.16213583946;
1.989000,5.16413402557;
1.922700,5.16613388062;
1.966900,5.16828489304;
1.966900,5.17115402222;
2.011100,5.17357587814;
1.922700,5.17576003075;
2.011100,5.1777639389;
1.944800,5.17973089218;
1.922700,5.18173098564;
2.011100,5.18375992775;
2.055300,5.18579101562;
1.966900,5.18778800964;
2.011100,5.18978786469;
1.922700,5.19178390503;
1.966900,5.19376683235;
2.011100,5.19576501846;
2.011100,5.19776082039;
2.077400,5.19976902008;
1.989000,5.20200204849;
2.033200,5.2043030262;
1.966900,5.20669984818;
1.944800,5.20892286301;
1.944800,5.21114587784;
1.966900,5.21328091621;
2.033200,5.21527385712;
2.011100,5.21728205681;
2.011100,5.21930193901;
2.033200,5.22129392624;
2.011100,5.22330188751;
1.966900,5.22541093826;
2.033200,5.22745299339;
1.966900,5.22947883606;
2.033200,5.23157596588;
2.011100,5.2335870266;
2.011100,5.23576998711;
1.944800,5.23819184303;
2.011100,5.24057793617;
2.011100,5.24267697334;
2.011100,5.24479985237;
1.989000,5.24701786041;
1.966900,5.24893593788;
1.922700,5.25091004372;
1.989000,5.25294399261;
1.966900,5.25497293472;
1.966900,5.25700187683;
1.966900,5.25898790359;
1.966900,5.2609770298;
1.966900,5.26300191879;
1.966900,5.26505589485;
1.966900,5.26715087891;
2.055300,5.27030587196;
1.966900,5.27269482613;
1.966900,5.27512383461;
1.966900,5.2770178318;
1.966900,5.27884602547;
1.989000,5.28062796593;
1.989000,5.28239893913;
1.966900,5.28417086601;
2.011100,5.28600096703;
1.989000,5.28793382645;
2.011100,5.28989005089;
1.989000,5.29180598259;
1.989000,5.29370903969;
1.966900,5.29567098618;
1.989000,5.29769492149;
1.966900,5.29971790314;
2.055300,5.30216598511;
2.011100,5.30491304398;
1.900600,5.30752801895;
2.033200,5.30945205688;
1.966900,5.31135487556;
1.944800,5.31322789192;
2.011100,5.31512594223;
1.989000,5.31698203087;
1.944800,5.31893897057;
1.966900,5.32095003128;
1.966900,5.32294893265;
1.966900,5.32494091988;
1.944800,5.32694387436;
1.944800,5.32897305489;
2.033200,5.33102703094;
2.055300,5.33317899704;
1.966900,5.33573389053;
1.989000,5.3379778862;
1.989000,5.3403840065;
1.989000,5.3423769474;
1.944800,5.34442400932;
1.966900,5.34633588791;
2.033200,5.34837889671;
1.922700,5.35028791428;
1.966900,5.35223484039;
2.011100,5.3541560173;
2.011100,5.35613298416;
1.966900,5.35812997818;
1.922700,5.36005187035;
1.966900,5.3620159626;
2.033200,5.36401796341;
1.944800,5.36604690552;
1.989000,5.36856389046;
2.011100,5.37066197395;
2.033200,5.37319803238;
1.966900,5.37540698051;
1.989000,5.37742400169;
1.966900,5.3796608448;
1.966900,5.3817949295;
1.966900,5.38380503654;
1.944800,5.38595700264;
1.989000,5.38792705536;
1.944800,5.39014482498;
2.011100,5.39233493805;
1.944800,5.39431190491;
2.055300,5.39617085457;
1.966900,5.39788889885;
2.033200,5.39992785454;
2.011100,5.40219187737;
2.011100,5.40413284302;
1.989000,5.40593504906;
1.966900,5.40776705742;
2.033200,5.40962290764;
1.966900,5.41141486168;
2.011100,5.41311192513;
2.011100,5.41479802132;
1.922700,5.41660690308;
2.011100,5.41842603683;
2.055300,5.42011189461;
2.055300,5.42178201675;
2.011100,5.42357897758;
1.966900,5.425303936;
1.966900,5.42698693275;
2.011100,5.42868685722;
2.011100,5.43096184731;
1.922700,5.43400001526;
2.011100,5.43588399887;
1.989000,5.43763995171;
2.033200,5.43935894966;
2.011100,5.4411149025;
2.011100,5.4428229332;
1.966900,5.44461989403;
1.989000,5.44634985924;
2.011100,5.44811701775;
1.944800,5.44988298416;
1.922700,5.45163488388;
1.944800,5.45337700844;
2.011100,5.45511603355;
1.966900,5.45685601234;
2.033200,5.4586379528;
1.966900,5.46044898033;
1.989000,5.46227502823;
1.922700,5.46435904503;
1.922700,5.4667198658;
1.900600,5.46891498566;
1.966900,5.47113490105;
2.011100,5.47312998772;
1.989000,5.47502589226;
1.989000,5.47700786591;
1.944800,5.47893190384;
1.922700,5.48096704483;
1.900600,5.4828979969;
2.055300,5.48495793343;
2.011100,5.48692989349;
1.989000,5.48893594742;
2.011100,5.49093294144;
2.011100,5.49293589592;
2.011100,5.49521684647;
1.966900,5.49761104584;
1.922700,5.49992203712;
2.011100,5.50214195251;
1.989000,5.50412893295;
1.966900,5.50602984428;
1.989000,5.50792193413;
2.011100,5.51014685631;
1.944800,5.5121588707;
1.989000,5.51413297653;
1.989000,5.51613283157;
2.011100,5.51816296577;
1.944800,5.52015805244;
1.944800,5.52213287354;
1.966900,5.52413582802;
1.989000,5.52613282204;
1.966900,5.52824783325;
1.966900,5.53051686287;
1.966900,5.53314304352;
1.966900,5.53515982628;
1.922700,5.53715991974;
2.033200,5.53913402557;
1.966900,5.54112887383;
1.966900,5.54304003716;
1.989000,5.54494094849;
1.944800,5.54696083069;
1.922700,5.54903197289;
1.944800,5.55101490021;
1.966900,5.55296993256;
2.033200,5.55494499207;
2.033200,5.55694484711;
2.011100,5.55904889107;
2.011100,5.5625269413;
1.966900,5.56517386436;
2.055300,5.5674059391;
1.922700,5.56962704659;
1.966900,5.57160592079;
1.989000,5.57362484932;
1.966900,5.5762219429;
2.033200,5.57841587067;
2.011100,5.58057999611;
1.966900,5.58252692223;
1.966900,5.58441901207;
2.011100,5.58634090424;
1.966900,5.58839702606;
1.989000,5.59034204483;
2.033200,5.59246492386;
1.989000,5.59504985809;
2.033200,5.59749293327;
2.011100,5.59941196442;
1.944800,5.6013469696;
1.966900,5.60322904587;
1.966900,5.60514593124;
1.989000,5.60713386536;
1.922700,5.60913300514;
2.011100,5.61113286018;
1.989000,5.61313199997;
1.966900,5.61513400078;
1.900600,5.6171309948;
2.011100,5.61913490295;
1.966900,5.62113189697;
2.011100,5.62313294411;
2.055300,5.62570691109;
1.989000,5.62818598747;
2.033200,5.63046383858;
1.900600,5.6326918602;
1.900600,5.63488101959;
1.944800,5.63745284081;
1.966900,5.63966798782;
2.011100,5.64213991165;
2.011100,5.64432096481;
1.989000,5.64649486542;
1.966900,5.64868497849;
1.966900,5.65093493462;
2.055300,5.65362691879;
2.055300,5.65635085106;
1.922700,5.6588280201;
1.989000,5.6611700058;
1.966900,5.66327095032;
1.989000,5.66562795639;
2.011100,5.66781997681;
1.944800,5.66993093491;
1.944800,5.67214393616;
2.011100,5.67412400246;
1.966900,5.67623186111;
2.011100,5.678606987;
1.989000,5.68065595627;
1.944800,5.68283295631;
2.033200,5.68490886688;
2.033200,5.6871368885;
1.966900,5.6894068718;
1.966900,5.69203305244;
1.944800,5.6945400238;
1.966900,5.69676804543;
1.989000,5.69892096519;
1.944800,5.7009999752;
1.966900,5.70313191414;
1.944800,5.70523500443;
2.033200,5.70732593536;
1.944800,5.70944499969;
2.055300,5.71165585518;
